collection,constellation,processing:level,aws_eos,cop_ads,cop_cds,cop_dataspace,cop_ewds,cop_marine,creodias,creodias_s3,dedl,dedt_lumi,dedt_mn5,earth_search,earth_search_gcs,ecmwf,eumetsat_ds,fedeo_ceda,geodes,geodes_s3,hydroweb_next,meteoblue,peps,planetary_computer,sara,usgs,usgs_satapi_aws,wekeo_cmems,wekeo_ecmwf,wekeo_main
AERIS_IAGOS,,L2,,,,,,,,,available,,,,,,,,,,,,,,,,,,,
AG_ERA5,ERA5,,,,available,,,,,,,,,,,,,,,,,,,,,,,,available,
CAMS_EAC4,CAMS,,,available,,,,,,,available,,,,,,,,,,,,,,,,,,available,
CAMS_EAC4_MONTHLY,CAMS,,,available,,,,,,,available,,,,,,,,,,,,,,,,,,available,
CAMS_EU_AIR_QUALITY_FORECAST,CAMS,,,available,,,,,,,available,,,,,,,,,,,,,,,,,,available,
CAMS_EU_AIR_QUALITY_RE,CAMS,,,available,,,,,,,available,,,,,,,,,,,,,,,,,,available,
CAMS_GAC_FORECAST,CAMS,,,available,,,,,,,available,,,,,,,,,,,,,,,,,,available,
CAMS_GFE_GFAS,CAMS,,,available,,,,,,,available,,,,,,,,,,,,,,,,,,available,
CAMS_GLOBAL_EMISSIONS,CAMS,,,available,,,,,,,available,,,,,,,,,,,,,,,,,,available,
CAMS_GREENHOUSE_EGG4,CAMS,,,available,,,,,,,available,,,,,,,,,,,,,,,,,,available,
CAMS_GREENHOUSE_EGG4_MONTHLY,CAMS,,,available,,,,,,,available,,,,,,,,,,,,,,,,,,available,
CAMS_GREENHOUSE_INVERSION,CAMS,,,available,,,,,,,available,,,,,,,,,,,,,,,,,,available,
CAMS_GRF,CAMS,,,available,,,,,,,available,,,,,,,,,,,,,,,,,,available,
CAMS_GRF_AUX,CAMS,,,available,,,,,,,available,,,,,,,,,,,,,,,,,,available,
CAMS_SOLAR_RADIATION,CAMS,,,available,,,,,,,available,,,,,,,,,,,,,,,,,,available,
CLMS_CORINE,"Sentinel-2, LANDSAT, SPOT-4/5, IRS P6 LISS III",,,,,,,,,,available,,,,,,,,,,,,,,,,,,,available
CLMS_GLO_DMP_333M,Sentinel-3,,,,,,,,,,available,,,,,,,,,,,,,,,,,,,available
CLMS_GLO_FAPAR_333M,Sentinel-3,,,,,,,,,,available,,,,,,,,,,,,,,,,,,,available
CLMS_GLO_FCOVER_333M,Sentinel-3,,,,,,,,,,available,,,,,,,,,,,,,,,,,,,available
CLMS_GLO_GDMP_333M,Sentinel-3,,,,,,,,,,available,,,,,,,,,,,,,,,,,,,available
CLMS_GLO_LAI_333M,Sentinel-3,,,,,,,,,,available,,,,,,,,,,,,,,,,,,,available
CLMS_GLO_NDVI_1KM_LTS,SPOT,,,,,,,,,,available,,,,,,,,,,,,,,,,,,,available
CLMS_GLO_NDVI_333M,,,,,,,,,,,available,,,,,,,,,,,,,,,,,,,available
CLMS_HRVPP_ST,Sentinel-2,,,,,,,,,,,,,,,,,,,,,,,,,,,,,available
CLMS_HRVPP_ST_LAEA,Sentinel-2,,,,,,,,,,,,,,,,,,,,,,,,,,,,,available
CLMS_HRVPP_VPP,Sentinel-2,,,,,,,,,,,,,,,,,,,,,,,,,,,,,available
CLMS_HRVPP_VPP_LAEA,Sentinel-2,,,,,,,,,,,,,,,,,,,,,,,,,,,,,available
CMIP6_CLIMATE_PROJECTIONS,CMIP6,,,,available,,,,,,,,,,,,,,,,,,,,,,,,,
COP_DEM_GLO30_DGED,TerraSAR,,,,,,,,available,available,available,,,available,,,,,,,,,,,,,,,,available
COP_DEM_GLO30_DTED,TerraSAR,,,,,,,,available,available,available,,,,,,,,,,,,,,,,,,,available
COP_DEM_GLO90_DGED,TerraSAR,,,,,,,,available,available,available,,,available,,,,,,,,,,,,,,,,available
COP_DEM_GLO90_DTED,TerraSAR,,,,,,,,available,available,available,,,,,,,,,,,,,,,,,,,available
DT_CLIMATE_ADAPTATION,Digital Twin,,,,,,,,,,available,available,,,,,,,,,,,,,,,,,,
DT_CLIMATE_G1_CMIP6_HIST_ICON_R1,Digital Twin,,,,,,,,,,,available,,,,,,,,,,,,,,,,,,
DT_CLIMATE_G1_CMIP6_HIST_IFS_FESOM_R1,Digital Twin,,,,,,,,,,,available,,,,,,,,,,,,,,,,,,
DT_CLIMATE_G1_CMIP6_HIST_IFS_NEMO_R1,Digital Twin,,,,,,,,,,,available,,,,,,,,,,,,,,,,,,
DT_CLIMATE_G1_HIGHRESMIP_CONT_IFS_FESOM_R1,Digital Twin,,,,,,,,,,,,available,,,,,,,,,,,,,,,,,
DT_CLIMATE_G1_HIGHRESMIP_CONT_IFS_NEMO_R1,Digital Twin,,,,,,,,,,,available,,,,,,,,,,,,,,,,,,
DT_CLIMATE_G1_SCENARIOMIP_SSP3_7_0_ICON_R1,Digital Twin,,,,,,,,,,,available,,,,,,,,,,,,,,,,,,
DT_CLIMATE_G1_SCENARIOMIP_SSP3_7_0_IFS_FESOM_R1,Digital Twin,,,,,,,,,,,,available,,,,,,,,,,,,,,,,,
DT_CLIMATE_G1_SCENARIOMIP_SSP3_7_0_IFS_FESOM_R2,Digital Twin,,,,,,,,,,,available,,,,,,,,,,,,,,,,,,
DT_CLIMATE_G1_SCENARIOMIP_SSP3_7_0_IFS_NEMO_R1,Digital Twin,,,,,,,,,,,available,,,,,,,,,,,,,,,,,,
DT_CLIMATE_G1_STORY_NUDGING_CONT_IFS_FESOM_R1,Digital Twin,,,,,,,,,,,available,,,,,,,,,,,,,,,,,,
DT_CLIMATE_G1_STORY_NUDGING_HIST_IFS_FESOM_R1,Digital Twin,,,,,,,,,,,available,,,,,,,,,,,,,,,,,,
DT_CLIMATE_G1_STORY_NUDGING_TPLUS2_0K_IFS_FESOM_R1,Digital Twin,,,,,,,,,,,available,,,,,,,,,,,,,,,,,,
DT_EXTREMES,Digital Twin,,,,,,,,,,available,available,,,,,,,,,,,,,,,,,,
EEA_HRL_TCF,Sentinel-2,,,,,,,,,,,,,,,,,,,,,,,,,,,,,available
EFAS_FORECAST,CEMS,,,,,,available,,,,available,,,,,,,,,,,,,,,,,,,
EFAS_HISTORICAL,CEMS,,,,,,available,,,,available,,,,,,,,,,,,,,,,,,,
EFAS_REFORECAST,CEMS,,,,,,available,,,,available,,,,,,,,,,,,,,,,,,,
EFAS_SEASONAL,CEMS,,,,,,available,,,,available,,,,,,,,,,,,,,,,,,,
EFAS_SEASONAL_REFORECAST,CEMS,,,,,,available,,,,available,,,,,,,,,,,,,,,,,,,
ERA5_LAND,ERA5,,,,available,,,,,,available,,,,,,,,,,,,,,,,,,available,
ERA5_LAND_MONTHLY,ERA5,,,,available,,,,,,available,,,,,,,,,,,,,,,,,,available,
ERA5_PL,ERA5,,,,available,,,,,,available,,,,,,,,,,,,,,,,,,available,
ERA5_PL_MONTHLY,ERA5,,,,available,,,,,,available,,,,,,,,,,,,,,,,,,available,
ERA5_SL,ERA5,,,,available,,,,,,available,,,,,,,,,,,,,,,,,,available,
ERA5_SL_MONTHLY,ERA5,,,,available,,,,,,available,,,,,,,,,,,,,,,,,,available,
EUSTAT_AVAILABLE_BEDS_HOSPITALS_NUTS2,Eurostat,,,,,,,,,,available,,,,,,,,,,,,,,,,,,,
EUSTAT_BATHING_SITES_WATER_QUALITY,Eurostat,,,,,,,,,,available,,,,,,,,,,,,,,,,,,,
EUSTAT_GREENHOUSE_GAS_EMISSION_AGRICULTURE,Eurostat,,,,,,,,,,available,,,,,,,,,,,,,,,,,,,
EUSTAT_POP_AGE_GROUP_SEX_NUTS3,Eurostat,,,,,,,,,,available,,,,,,,,,,,,,,,,,,,
EUSTAT_POP_AGE_SEX_NUTS2,Eurostat,,,,,,,,,,available,,,,,,,,,,,,,,,,,,,
EUSTAT_POP_CHANGE_DEMO_BALANCE_CRUDE_RATES_NUTS3,Eurostat,,,,,,,,,,available,,,,,,,,,,,,,,,,,,,
EUSTAT_POP_DENSITY_NUTS3,Eurostat,,,,,,,,,,available,,,,,,,,,,,,,,,,,,,
EUSTAT_SHARE_ENERGY_FROM_RENEWABLE,Eurostat,,,,,,,,,,available,,,,,,,,,,,,,,,,,,,
EUSTAT_SOIL_SEALING_INDEX,Eurostat,,,,,,,,,,available,,,,,,,,,,,,,,,,,,,
EUSTAT_SURFACE_TERRESTRIAL_PROTECTED_AREAS,Eurostat,,,,,,,,,,available,,,,,,,,,,,,,,,,,,,
FIRE_HISTORICAL,CEMS,,,,,,available,,,,available,,,,,,,,,,,,,,,,,,available,
FIRE_SEASONAL,CEMS,,,,,,available,,,,,,,,,,,,,,,,,,,,,,,
GLACIERS_DIST_RANDOLPH,,,,,available,,,,,,available,,,,,,,,,,,,,,,,,,available,
GLOFAS_FORECAST,CEMS,,,,,,available,,,,available,,,,,,,,,,,,,,,,,,,
GLOFAS_HISTORICAL,CEMS,,,,,,available,,,,available,,,,,,,,,,,,,,,,,,,
GLOFAS_REFORECAST,CEMS,,,,,,available,,,,available,,,,,,,,,,,,,,,,,,,
GLOFAS_SEASONAL,CEMS,,,,,,available,,,,available,,,,,,,,,,,,,,,,,,,
GLOFAS_SEASONAL_REFORECAST,CEMS,,,,,,available,,,,available,,,,,,,,,,,,,,,,,,,
GRIDDED_GLACIERS_MASS_CHANGE,,,,,available,,,,,,available,,,,,,,,,,,,,,,,,,available,
GSW_CHANGE,GSW,,,,,,,,,,available,,,,,,,,,,,,,,,,,,,
GSW_EXTENT,GSW,,,,,,,,,,available,,,,,,,,,,,,,,,,,,,
GSW_OCCURRENCE,GSW,,,,,,,,,,available,,,,,,,,,,,,,,,,,,,
GSW_RECURRENCE,GSW,,,,,,,,,,available,,,,,,,,,,,,,,,,,,,
GSW_SEASONALITY,GSW,,,,,,,,,,available,,,,,,,,,,,,,,,,,,,
GSW_TRANSITIONS,GSW,,,,,,,,,,available,,,,,,,,,,,,,,,,,,,
HIRS_FDR_1_MULTI,"Metop,TIROS,NOAA",L1C,,,,,,,,,,,,,,,available,,,,,,,,,,,,,
ISIMIP_CLIMATE_FORCING_ISIMIP3B,ISIMIP,,,,,,,,,,available,,,,,,,,,,,,,,,,,,,
ISIMIP_SOCIO_ECONOMIC_FORCING_ISIMIP3B,ISIMIP,,,,,,,,,,available,,,,,,,,,,,,,,,,,,,
L8_OLI_TIRS_C1L1,LANDSAT8,L1,available,,,,,,,,,,,,available,,,,,,,,,,,,,,,
LANDSAT_C2L1,LANDSAT,L1,,,,,,,,,available,,,,,,,,,,,,,available,,available,available,,,
LANDSAT_C2L2,LANDSAT,L1,,,,,,,,,available,,,available,,,,,,,,,,available,,available,,,,
LANDSAT_C2L2ALB_BT,LANDSAT,L2,,,,,,,,,,,,,,,,,,,,,,,,,available,,,
LANDSAT_C2L2ALB_SR,LANDSAT,L2,,,,,,,,,,,,,,,,,,,,,,,,,available,,,
LANDSAT_C2L2ALB_ST,LANDSAT,L2,,,,,,,,,,,,,,,,,,,,,,,,,available,,,
LANDSAT_C2L2ALB_TA,LANDSAT,L2,,,,,,,,,,,,,,,,,,,,,,,,,available,,,
LANDSAT_C2L2_SR,LANDSAT,L2,,,,,,,,,,,,,,,,,,,,,,,,,available,,,
LANDSAT_C2L2_ST,LANDSAT,L2,,,,,,,,,,,,,,,,,,,,,,,,,available,,,
METOP_AMSU_L1,METOP,L1,,,,,,,,,available,,,,,,available,,,,,,,,,,,,,
METOP_ASCSZF1B,METOP,L1,,,,,,,,,available,,,,,,available,,,,,,,,,,,,,
METOP_ASCSZFR02,METOP,L1,,,,,,,,,available,,,,,,available,,,,,,,,,,,,,
METOP_ASCSZO1B,METOP,L1,,,,,,,,,available,,,,,,available,,,,,,,,,,,,,
METOP_ASCSZOR02,METOP,L1,,,,,,,,,available,,,,,,available,,,,,,,,,,,,,
METOP_ASCSZR1B,METOP,L1,,,,,,,,,available,,,,,,available,,,,,,,,,,,,,
METOP_ASCSZRR02,METOP,L1,,,,,,,,,available,,,,,,available,,,,,,,,,,,,,
METOP_AVHRRGACR02,"METOP,TIROS,NOAA",L2,,,,,,,,,available,,,,,,available,,,,,,,,,,,,,
METOP_AVHRRL1,METOP,L1,,,,,,,,,available,,,,,,available,,,,,,,,,,,,,
METOP_GLB_SST_NC,METOP,L3,,,,,,,,,available,,,,,,available,,,,,,,,,,,,,
METOP_GOMEL1,METOP,L1,,,,,,,,,available,,,,,,available,,,,,,,,,,,,,
METOP_GOMEL1R03,METOP,L1,,,,,,,,,available,,,,,,available,,,,,,,,,,,,,
METOP_HIRSL1,METOP,L1,,,,,,,,,available,,,,,,available,,,,,,,,,,,,,
METOP_IASIL1C_ALL,METOP,L1,,,,,,,,,available,,,,,,available,,,,,,,,,,,,,
METOP_IASSND02,METOP,L2,,,,,,,,,available,,,,,,available,,,,,,,,,,,,,
METOP_IASTHR011,METOP,L2,,,,,,,,,available,,,,,,available,,,,,,,,,,,,,
METOP_LSA_002,METOP,L3,,,,,,,,,available,,,,,,available,,,,,,,,,,,,,
METOP_MHSL1,METOP,L1,,,,,,,,,available,,,,,,available,,,,,,,,,,,,,
METOP_OSI_104,METOP,L2,,,,,,,,,available,,,,,,available,,,,,,,,,,,,,
METOP_OSI_150A,METOP,L2,,,,,,,,,available,,,,,,available,,,,,,,,,,,,,
METOP_OSI_150B,METOP,L2,,,,,,,,,available,,,,,,available,,,,,,,,,,,,,
METOP_SOMO12,METOP,L2,,,,,,,,,available,,,,,,available,,,,,,,,,,,,,
METOP_SOMO25,METOP,L2,,,,,,,,,available,,,,,,available,,,,,,,,,,,,,
MFG_GSA_57,MFG,L2,,,,,,,,,,,,,,,available,,,,,,,,,,,,,
MFG_GSA_63,MFG,L2,,,,,,,,,,,,,,,available,,,,,,,,,,,,,
MODIS_MCD43A4,Terra+Aqua,L3,available,,,,,,,,,,,,,,,,,,,,,available,,,,,,
MO_GLOBAL_ANALYSISFORECAST_BGC_001_028,,L4,,,,,,available,,,available,,,,,,,,,,,,,,,,,,,
MO_GLOBAL_ANALYSISFORECAST_PHY_001_024,,L4,,,,,,available,,,available,,,,,,,,,,,,,,,,,,,
MO_GLOBAL_ANALYSISFORECAST_WAV_001_027,,L4,,,,,,available,,,available,,,,,,,,,,,,,,,,,,,
MO_GLOBAL_MULTIYEAR_BGC_001_033,,L4,,,,,,available,,,available,,,,,,,,,,,,,,,,,,,
MO_GLOBAL_MULTIYEAR_PHY_ENS_001_031,,L4,,,,,,available,,,available,,,,,,,,,,,,,,,,,,,
MO_GLOBAL_MULTIYEAR_WAV_001_032,,L4,,,,,,available,,,available,,,,,,,,,,,,,,,,,,,
MO_INSITU_GLO_PHY_TS_OA_MY_013_052,,L4,,,,,,available,,,available,,,,,,,,,,,,,,,,,,,
MO_INSITU_GLO_PHY_TS_OA_NRT_013_002,,L4,,,,,,available,,,available,,,,,,,,,,,,,,,,,,,
MO_INSITU_GLO_PHY_UV_DISCRETE_NRT_013_048,,Level 2,,,,,,available,,,available,,,,,,,,,,,,,,,,,,,
MO_MULTIOBS_GLO_BGC_NUTRIENTS_CARBON_PROFILES_MYNRT_015_009,,Level 3,,,,,,available,,,available,,,,,,,,,,,,,,,,,,,
MO_MULTIOBS_GLO_BIO_BGC_3D_REP_015_010,,L4,,,,,,available,,,available,,,,,,,,,,,,,,,,,,,
MO_MULTIOBS_GLO_BIO_CARBON_SURFACE_MYNRT_015_008,,L4,,,,,,available,,,available,,,,,,,,,,,,,,,,,,,
MO_MULTIOBS_GLO_PHY_MYNRT_015_003,,L4,,,,,,available,,,available,,,,,,,,,,,,,,,,,,,
MO_MULTIOBS_GLO_PHY_S_SURFACE_MYNRT_015_013,,L4,,,,,,available,,,available,,,,,,,,,,,,,,,,,,,
MO_MULTIOBS_GLO_PHY_TSUV_3D_MYNRT_015_012,,L4,,,,,,available,,,available,,,,,,,,,,,,,,,,,,,
MO_MULTIOBS_GLO_PHY_W_3D_REP_015_007,,L4,,,,,,available,,,available,,,,,,,,,,,,,,,,,,,
MO_OCEANCOLOUR_GLO_BGC_L3_MY_009_103,,Level 3,,,,,,available,,,available,,,,,,,,,,,,,,,,,,,
MO_OCEANCOLOUR_GLO_BGC_L3_MY_009_107,,Level 3,,,,,,available,,,available,,,,,,,,,,,,,,,,,,,
MO_OCEANCOLOUR_GLO_BGC_L3_NRT_009_101,,Level 3,,,,,,available,,,available,,,,,,,,,,,,,,,,,,,
MO_OCEANCOLOUR_GLO_BGC_L4_MY_009_104,,L4,,,,,,available,,,available,,,,,,,,,,,,,,,,,,,
MO_OCEANCOLOUR_GLO_BGC_L4_MY_009_108,,L4,,,,,,available,,,available,,,,,,,,,,,,,,,,,,,
MO_OCEANCOLOUR_GLO_BGC_L4_NRT_009_102,,L4,,,,,,available,,,available,,,,,,,,,,,,,,,,,,,
MO_SEAICE_GLO_SEAICE_L4_NRT_OBSERVATIONS_011_001,,L4,,,,,,available,,,available,,,,,,,,,,,,,,,,,,,
MO_SEAICE_GLO_SEAICE_L4_NRT_OBSERVATIONS_011_006,,L4,,,,,,available,,,available,,,,,,,,,,,,,,,,,,,
MO_SEAICE_GLO_SEAICE_L4_REP_OBSERVATIONS_011_009,,L4,,,,,,available,,,available,,,,,,,,,,,,,,,,,,,
MO_SEALEVEL_GLO_PHY_L4_NRT_008_046,,L4,,,,,,available,,,available,,,,,,,,,,,,,,,,,,,
MO_SEALEVEL_GLO_PHY_MDT_008_063,,L4,,,,,,available,,,available,,,,,,,,,,,,,,,,,,,
MO_SST_GLO_SST_L3S_NRT_OBSERVATIONS_010_010,,Level 3,,,,,,available,,,available,,,,,,,,,,,,,,,,,,,
MO_SST_GLO_SST_L4_NRT_OBSERVATIONS_010_001,,L4,,,,,,available,,,available,,,,,,,,,,,,,,,,,,,
MO_SST_GLO_SST_L4_REP_OBSERVATIONS_010_011,,L4,,,,,,available,,,available,,,,,,,,,,,,,,,,,,,
MO_SST_GLO_SST_L4_REP_OBSERVATIONS_010_024,,L4,,,,,,available,,,available,,,,,,,,,,,,,,,,,,,
MO_WAVE_GLO_PHY_SPC_FWK_L3_NRT_014_002,,Level 3,,,,,,available,,,available,,,,,,,,,,,,,,,,,,,
MO_WAVE_GLO_PHY_SWH_L3_NRT_014_001,,Level 3,,,,,,available,,,available,,,,,,,,,,,,,,,,,,,
MO_WAVE_GLO_PHY_SWH_L4_NRT_014_003,,L4,,,,,,available,,,available,,,,,,,,,,,,,,,,,,,
MO_WIND_GLO_PHY_CLIMATE_L4_MY_012_003,,L4,,,,,,available,,,available,,,,,,,,,,,,,,,,,,,
MO_WIND_GLO_PHY_L3_MY_012_005,,Level 3,,,,,,available,,,available,,,,,,,,,,,,,,,,,,,
MO_WIND_GLO_PHY_L3_NRT_012_002,,Level 3,,,,,,available,,,available,,,,,,,,,,,,,,,,,,,
MO_WIND_GLO_PHY_L4_MY_012_006,,L4,,,,,,available,,,available,,,,,,,,,,,,,,,,,,,
MO_WIND_GLO_PHY_L4_NRT_012_004,,L4,,,,,,available,,,available,,,,,,,,,,,,,,,,,,,
MSG_AMVR02,"MSG,MFG",L2,,,,,,,,,available,,,,,,available,,,,,,,,,,,,,
MSG_CLM,MSG,L2,,,,,,,,,available,,,,,,available,,,,,,,,,,,,,
MSG_CLM_IODC,MSG,L2,,,,,,,,,available,,,,,,available,,,,,,,,,,,,,
MSG_CTH,MSG,L2,,,,,,,,,,,,,,,available,,,,,,,,,,,,,
MSG_CTH_IODC,MSG,L2,,,,,,,,,,,,,,,available,,,,,,,,,,,,,
MSG_GSAL2R02,"MSG,MFG",L2,,,,,,,,,available,,,,,,available,,,,,,,,,,,,,
MSG_HRSEVIRI,MSG,L1,,,,,,,,,available,,,,,,available,,,,,,,,,,,,,
MSG_HRSEVIRI_IODC,MSG,L1,,,,,,,,,available,,,,,,available,,,,,,,,,,,,,
MSG_LSA_FRM,MSG,L2,,,,,,,,,available,,,,,,available,,,,,,,,,,,,,
MSG_LSA_LSTDE,MSG,L2,,,,,,,,,available,,,,,,available,,,,,,,,,,,,,
MSG_LSA_LST_CDR,MSG,L3,,,,,,,,,available,,,,,,available,,,,,,,,,,,,,
MSG_MFG_GSA_0,"MFG,MSG",L2,,,,,,,,,,,,,,,available,,,,,,,,,,,,,
MSG_MSG15_RSS,MSG,L1,,,,,,,,,available,,,,,,available,,,,,,,,,,,,,
MSG_OCA_CDR,MSG,L2,,,,,,,,,,,,,,,available,,,,,,,,,,,,,
MSG_RSS_CLM,MSG,L2,,,,,,,,,available,,,,,,available,,,,,,,,,,,,,
MTG_FCI_AMV_BUFR,MTG,L2,,,,,,,,,,,,,,,available,,,,,,,,,,,,,
MTG_FCI_AMV_NETCDF,MTG,L2,,,,,,,,,,,,,,,available,,,,,,,,,,,,,
MTG_FCI_ASR_BUFR,MTG,L2,,,,,,,,,,,,,,,available,,,,,,,,,,,,,
MTG_FCI_ASR_NETCDF,MTG,L2,,,,,,,,,,,,,,,available,,,,,,,,,,,,,
MTG_FCI_CLM,MTG,L2,,,,,,,,,,,,,,,available,,,,,,,,,,,,,
MTG_FCI_FDHSI,MTG,L1,,,,,,,,,,,,,,,available,,,,,,,,,,,,,
MTG_FCI_GII,MTG,L2,,,,,,,,,,,,,,,available,,,,,,,,,,,,,
MTG_FCI_HRFI,MTG,L1,,,,,,,,,,,,,,,available,,,,,,,,,,,,,
MTG_FCI_OCA,MTG,L2,,,,,,,,,,,,,,,available,,,,,,,,,,,,,
MTG_FCI_OLR,MTG,L2,,,,,,,,,,,,,,,available,,,,,,,,,,,,,
MTG_LI_AF,MTG,L2,,,,,,,,,,,,,,,available,,,,,,,,,,,,,
MTG_LI_AFA,MTG,L2,,,,,,,,,,,,,,,available,,,,,,,,,,,,,
MTG_LI_AFR,MTG,L2,,,,,,,,,,,,,,,available,,,,,,,,,,,,,
MTG_LI_LEF,MTG,L2,,,,,,,,,,,,,,,available,,,,,,,,,,,,,
MTG_LI_LFL,MTG,L2,,,,,,,,,,,,,,,available,,,,,,,,,,,,,
MTG_LI_LGR,MTG,L2,,,,,,,,,,,,,,,available,,,,,,,,,,,,,
NAIP,National Agriculture Imagery Program,N/A,available,,,,,,,,,,,available,,,,,,,,,,available,,,,,,
NEMSAUTO_TCDC,NEMSAUTO,,,,,,,,,,,,,,,,,,,,,available,,,,,,,,
NEMSGLOBAL_TCDC,NEMSGLOBAL,,,,,,,,,,,,,,,,,,,,,available,,,,,,,,
S1_AUX_GNSSRD,SENTINEL1,AUX,,,,available,,,available,available,,,,,,,,,,,,,,,,,,,,
S1_AUX_MOEORB,SENTINEL1,AUX,,,,available,,,available,available,,,,,,,,,,,,,,,,,,,,
S1_AUX_POEORB,SENTINEL1,AUX,,,,available,,,available,available,,,,,,,,,,,,,,,,,,,,
S1_AUX_PREORB,SENTINEL1,AUX,,,,available,,,available,available,,,,,,,,,,,,,,,,,,,,
S1_AUX_PROQUA,SENTINEL1,AUX,,,,available,,,available,available,,,,,,,,,,,,,,,,,,,,
S1_AUX_RESORB,SENTINEL1,AUX,,,,available,,,available,available,,,,,,,,,,,,,,,,,,,,
S1_SAR_GRD,SENTINEL1,L1,available,,,available,,,available,available,available,,,available,,,,,available,available,,,available,available,available,,,,,available
S1_SAR_GRD_COG,SENTINEL1,L1,,,,available,,,,,,,,,,,,,,,,,,,,,,,,
S1_SAR_L3_DH_MCM,SENTINEL1,L3,,,,available,,,available,available,,,,,,,,,,,,,,,,,,,,
S1_SAR_L3_IW_MCM,SENTINEL1,L3,,,,available,,,available,available,,,,,,,,,,,,,,,,,,,,
S1_SAR_OCN,SENTINEL1,L2,,,,available,,,available,available,,,,,,,,,available,available,,,available,,available,,,,,available
S1_SAR_RAW,SENTINEL1,L0,,,,available,,,available,available,,,,,,,,,,,,,,,,,,,,available
S1_SAR_SLC,SENTINEL1,L1,,,,available,,,available,available,available,,,,,,,,available,available,,,available,,available,,,,,available
S2_MSI_L1C,SENTINEL2,L1,available,,,available,,,available,available,available,,,available,available,,,,available,available,,,available,,available,available,,,,available
S2_MSI_L2A,SENTINEL2,L2,available,,,available,,,available,available,available,,,,,,,,,,,,,available,available,,,,,available
S2_MSI_L2A_COG,SENTINEL2,L2,,,,,,,,,,,,available,,,,,,,,,,,,,,,,
S2_MSI_L2A_MAJA,SENTINEL2,L2,,,,,,,,,,,,,,,,,available,available,,,,,,,,,,
S2_MSI_L2B_MAJA_SNOW,SENTINEL2,L2,,,,,,,,,,,,,,,,,available,available,,,,,,,,,,
S2_MSI_L2B_MAJA_WATER,SENTINEL2,L2,,,,,,,,,,,,,,,,,available,available,,,,,,,,,,
S3_EFR,SENTINEL3,L1,,,,available,,,available,available,available,,,,,,available,,,,,,,,available,,,,,available
S3_EFR_BC002,SENTINEL3,L1,,,,,,,,,,,,,,,available,,,,,,,,,,,,,
S3_ERR,SENTINEL3,L1,,,,available,,,available,available,available,,,,,,available,,,,,,,,available,,,,,available
S3_ERR_BC002,SENTINEL3,L1,,,,,,,,,,,,,,,available,,,,,,,,,,,,,
S3_LAN,SENTINEL3,L2,,,,available,,,available,available,available,,,,,,,,,,,,,,available,,,,,
S3_LAN_HY,SENTINEL3,L2,,,,available,,,available,available,,,,,,,,,,,,,,,,,,,,available
S3_LAN_LI,SENTINEL3,L2,,,,available,,,available,available,,,,,,,,,,,,,,,,,,,,available
S3_LAN_SI,SENTINEL3,L2,,,,available,,,available,available,,,,,,,,,,,,,,,,,,,,available
S3_OLCI_L2LFR,SENTINEL3,L2,,,,available,,,available,available,available,,,,,,,,,,,,,,available,,,,,available
S3_OLCI_L2LRR,SENTINEL3,L2,,,,available,,,available,available,available,,,,,,,,,,,,,,available,,,,,available
S3_OLCI_L2WFR,SENTINEL3,L2,,,,available,,,available,available,available,,,,,,available,,,,,,,,available,,,,,available
S3_OLCI_L2WFR_BC003,SENTINEL3,L2,,,,,,,,,,,,,,,available,,,,,,,,,,,,,
S3_OLCI_L2WRR,SENTINEL3,L2,,,,available,,,available,available,available,,,,,,available,,,,,,,,available,,,,,available
S3_OLCI_L2WRR_BC003,SENTINEL3,L2,,,,,,,,,,,,,,,available,,,,,,,,,,,,,
S3_RAC,SENTINEL3,L1,,,,,,,,,,,,,,,,,,,,,,,available,,,,,
S3_SLSTR_L1RBT,SENTINEL3,L1,,,,available,,,available,available,available,,,,,,available,,,,,,,,available,,,,,available
S3_SLSTR_L1RBT_BC003,SENTINEL3,L1,,,,,,,,,,,,,,,available,,,,,,,,,,,,,
S3_SLSTR_L1RBT_BC004,SENTINEL3,L1,,,,,,,,,,,,,,,available,,,,,,,,,,,,,
S3_SLSTR_L2,SENTINEL3,L2,,,,,,,,,,,,,,,,,,,,,,,,,,,,available
S3_SLSTR_L2AOD,SENTINEL3,L2,,,,available,,,available,available,available,,,,,,available,,,,,,,,available,,,,,
S3_SLSTR_L2FRP,SENTINEL3,L2,,,,available,,,available,available,available,,,,,,available,,,,,,,,available,,,,,
S3_SLSTR_L2LST,SENTINEL3,L2,,,,available,,,available,available,available,,,,,,,,,,,,,,available,,,,,
S3_SLSTR_L2WST,SENTINEL3,L2,,,,available,,,available,available,available,,,,,,available,,,,,,,,available,,,,,
S3_SLSTR_L2WST_BC003,SENTINEL3,L2,,,,,,,,,,,,,,,available,,,,,,,,,,,,,
S3_SRA,SENTINEL3,L1,,,,available,,,available,available,available,,,,,,available,,,,,,,,available,,,,,available
S3_SRA_1A_BC004,SENTINEL3,L1A,,,,,,,,,,,,,,,available,,,,,,,,,,,,,
S3_SRA_1A_BC005,SENTINEL3,L1A,,,,,,,,,,,,,,,available,,,,,,,,,,,,,
S3_SRA_1B_BC004,SENTINEL3,L1B,,,,,,,,,,,,,,,available,,,,,,,,,,,,,
S3_SRA_1B_BC005,SENTINEL3,L1B,,,,,,,,,,,,,,,available,,,,,,,,,,,,,
S3_SRA_A,SENTINEL3,L1,,,,available,,,available,available,available,,,,,,available,,,,,,,,available,,,,,available
S3_SRA_BS,SENTINEL3,L1,,,,available,,,available,available,available,,,,,,available,,,,,,,,available,,,,,available
S3_SRA_BS_BC004,SENTINEL3,L1B,,,,,,,,,,,,,,,available,,,,,,,,,,,,,
S3_SRA_BS_BC005,SENTINEL3,L1B,,,,,,,,,,,,,,,available,,,,,,,,,,,,,
S3_SY_AOD,SENTINEL3,L2,,,,available,,,available,available,,,,,,,,,,,,,,,available,,,,,
S3_SY_SYN,SENTINEL3,L2,,,,available,,,available,available,,,,,,,,,,,,,,,available,,,,,
S3_SY_V10,SENTINEL3,LEVEL-2W,,,,available,,,available,available,,,,,,,,,,,,,,,available,,,,,
S3_SY_VG1,SENTINEL3,LEVEL-2,,,,available,,,available,available,,,,,,,,,,,,,,,available,,,,,
S3_SY_VGP,SENTINEL3,LEVEL-2,,,,available,,,available,available,,,,,,,,,,,,,,,available,,,,,
S3_WAT,SENTINEL3,L2,,,,available,,,available,available,available,,,,,,available,,,,,,,,available,,,,,available
S3_WAT_BC004,SENTINEL3,L2,,,,,,,,,,,,,,,available,,,,,,,,,,,,,
S3_WAT_BC005,SENTINEL3,L2,,,,,,,,,,,,,,,available,,,,,,,,,,,,,
S5P_L1B_IR_ALL,SENTINEL5P,L1B,,,,,,,,,available,,,,,,,,,,,,,,,,,,,available
S5P_L1B_IR_SIR,SENTINEL5P,L1B,,,,available,,,available,available,,,,,,,,,,,,,,,,,,,,
S5P_L1B_IR_UVN,SENTINEL5P,L1B,,,,available,,,available,available,,,,,,,,,,,,,,,,,,,,
S5P_L1B_RA_BD1,SENTINEL5P,L1B,,,,available,,,available,available,,,,,,,,,,,,,,,,,,,,
S5P_L1B_RA_BD2,SENTINEL5P,L1B,,,,available,,,available,available,,,,,,,,,,,,,,,,,,,,
S5P_L1B_RA_BD3,SENTINEL5P,L1B,,,,available,,,available,available,,,,,,,,,,,,,,,,,,,,
S5P_L1B_RA_BD4,SENTINEL5P,L1B,,,,available,,,available,available,,,,,,,,,,,,,,,,,,,,
S5P_L1B_RA_BD5,SENTINEL5P,L1B,,,,available,,,available,available,,,,,,,,,,,,,,,,,,,,
S5P_L1B_RA_BD6,SENTINEL5P,L1B,,,,available,,,available,available,,,,,,,,,,,,,,,,,,,,
S5P_L1B_RA_BD7,SENTINEL5P,L1B,,,,available,,,available,available,,,,,,,,,,,,,,,,,,,,
S5P_L1B_RA_BD8,SENTINEL5P,L1B,,,,available,,,available,available,,,,,,,,,,,,,,,,,,,,
S5P_L2_AER_AI,SENTINEL5P,L2,,,,available,,,available,available,,,,,,,,,,,,,,,,,,,,
S5P_L2_AER_LH,SENTINEL5P,L2,,,,available,,,available,available,,,,,,,,,,,,,,,,,,,,
S5P_L2_CH4,SENTINEL5P,L2,,,,available,,,available,available,,,,,,,,,,,,,,,,,,,,
S5P_L2_CLOUD,SENTINEL5P,L2,,,,available,,,available,available,,,,,,,,,,,,,,,,,,,,
S5P_L2_CO,SENTINEL5P,L2,,,,available,,,available,available,,,,,,,,,,,,,,,,,,,,
S5P_L2_HCHO,SENTINEL5P,L2,,,,available,,,available,available,,,,,,,,,,,,,,,,,,,,
S5P_L2_IR_ALL,SENTINEL5P,L2,,,,,,,,,available,,,,,,,,,,,,,,,,,,,available
S5P_L2_NO2,SENTINEL5P,L2,,,,available,,,available,available,,,,,,,,,,,,,,,,,,,,
S5P_L2_NP_BD3,SENTINEL5P,L2,,,,available,,,available,available,,,,,,,,,,,,,,,,,,,,
S5P_L2_NP_BD6,SENTINEL5P,L2,,,,available,,,available,available,,,,,,,,,,,,,,,,,,,,
S5P_L2_NP_BD7,SENTINEL5P,L2,,,,available,,,available,available,,,,,,,,,,,,,,,,,,,,
S5P_L2_O3,SENTINEL5P,L2,,,,available,,,available,available,,,,,,,,,,,,,,,,,,,,
S5P_L2_O3_PR,SENTINEL5P,L2,,,,available,,,available,available,,,,,,,,,,,,,,,,,,,,
S5P_L2_O3_TCL,SENTINEL5P,L2,,,,available,,,available,available,,,,,,,,,,,,,,,,,,,,
S5P_L2_SO2,SENTINEL5P,L2,,,,available,,,available,available,,,,,,,,,,,,,,,,,,,,
S6_RADIO_OCCULTATION,Sentinel-6,L1B,,,,,,,,,,,,,,,available,,,,,,,,,,,,,
SATELLITE_CARBON_DIOXIDE,,,,,available,,,,,,available,,,,,,,,,,,,,,,,,,available,
SATELLITE_FIRE_BURNED_AREA,,,,,available,,,,,,,,,,,,,,,,,,,,,,,,available,
SATELLITE_METHANE,,,,,available,,,,,,available,,,,,,,,,,,,,,,,,,available,
SATELLITE_SEA_ICE_CONCENTRATION,,,,,available,,,,,,available,,,,,,,,,,,,,,,,,,available,
SATELLITE_SEA_ICE_EDGE_TYPE,,,,,available,,,,,,available,,,,,,,,,,,,,,,,,,available,
SATELLITE_SEA_ICE_THICKNESS,,,,,available,,,,,,available,,,,,,,,,,,,,,,,,,available,
SATELLITE_SEA_LEVEL_GLOBAL,,,,,available,,,,,,available,,,,,,,,,,,,,,,,,,available,
SEASONAL_MONTHLY_PL,,,,,available,,,,,,available,,,,,,,,,,,,,,,,,,available,
SEASONAL_MONTHLY_SL,,,,,available,,,,,,available,,,,,,,,,,,,,,,,,,available,
SEASONAL_ORIGINAL_PL,,,,,available,,,,,,available,,,,,,,,,,,,,,,,,,available,
SEASONAL_ORIGINAL_SL,,,,,available,,,,,,available,,,,,,,,,,,,,,,,,,available,
SEASONAL_POSTPROCESSED_PL,,,,,available,,,,,,available,,,,,,,,,,,,,,,,,,available,
SEASONAL_POSTPROCESSED_SL,,,,,available,,,,,,available,,,,,,,,,,,,,,,,,,available,
SIS_HYDRO_MET_PROJ,,,,,available,,,,,,available,,,,,,,,,,,,,,,,,,,
TIGGE_CF_SFC,TIGGE,,,,,,,,,,,,,,,available,,,,,,,,,,,,,,
UERRA_EUROPE_SL,SURFEX,,,,available,,,,,,available,,,,,,,,,,,,,,,,,,available,
